{
    "Hct": {
        "2016": {
            "FCNCHadronicTag_0": {
                "st": [
                    1.0022061120553891, 
                    0.9977938879446109
                ], 
                "tt": [
                    1.0555881924163275, 
                    0.9394485761179292
                ]
            }, 
            "FCNCHadronicTag_1": {
                "st": [
                    1.004481228969049, 
                    0.995518771030951
                ], 
                "tt": [
                    1.0551635039257774, 
                    0.9399111832237066
                ]
            }, 
            "FCNCHadronicTag_2": {
                "st": [
                    1.005279776343311, 
                    0.994720223656689
                ], 
                "tt": [
                    1.0550144417492489, 
                    0.9400735545231399
                ]
            }, 
            "FCNCHadronicTag_3": {
                "st": [
                    1.006008812292119, 
                    0.9939911877078812
                ], 
                "tt": [
                    1.0548783550388046, 
                    0.9402217918327307
                ]
            }, 
            "FCNCLeptonicTag_0": {
                "st": [
                    1.0053996993494423, 
                    0.9946003006505577
                ], 
                "tt": [
                    1.0549920561214374, 
                    0.9400979388677199
                ]
            }, 
            "FCNCLeptonicTag_1": {
                "st": [
                    1.0087712901079773, 
                    0.9912287098920226
                ], 
                "tt": [
                    1.0543626925131777, 
                    0.9407834956552887
                ]
            }, 
            "FCNCLeptonicTag_2": {
                "st": [
                    1.0091409188083287, 
                    0.9908590811916714
                ], 
                "tt": [
                    1.0542936951557786, 
                    0.9408586534910268
                ]
            }
        }, 
        "2017": {
            "FCNCHadronicTag_0": {
                "st": [
                    1.0022428839967643, 
                    0.9977571160032357
                ], 
                "tt": [
                    1.0555813283206041, 
                    0.939456053079342
                ]
            }, 
            "FCNCHadronicTag_1": {
                "st": [
                    1.0045138566834482, 
                    0.9954861433165518
                ], 
                "tt": [
                    1.0551574134190898, 
                    0.9399178175256344
                ]
            }, 
            "FCNCHadronicTag_2": {
                "st": [
                    1.0053192144160352, 
                    0.9946807855839648
                ], 
                "tt": [
                    1.0550070799756734, 
                    0.9400815735979271
                ]
            }, 
            "FCNCHadronicTag_3": {
                "st": [
                    1.006397960680873, 
                    0.9936020393191268
                ], 
                "tt": [
                    1.054805714006237, 
                    0.9403009186717775
                ]
            }, 
            "FCNCLeptonicTag_0": {
                "st": [
                    1.0047400213672362, 
                    0.9952599786327639
                ], 
                "tt": [
                    1.0551151960114493, 
                    0.9399638043446712
                ]
            }, 
            "FCNCLeptonicTag_1": {
                "st": [
                    1.0081779798937405, 
                    0.9918220201062594
                ], 
                "tt": [
                    1.0544734437531686, 
                    0.9406628559117273
                ]
            }, 
            "FCNCLeptonicTag_2": {
                "st": [
                    1.0088861837353056, 
                    0.9911138162646944
                ], 
                "tt": [
                    1.054341245702743, 
                    0.9408068573595121
                ]
            }
        }, 
        "2018": {
            "FCNCHadronicTag_0": {
                "st": [
                    1.0022519038162578, 
                    0.9977480961837422
                ], 
                "tt": [
                    1.0555796446209653, 
                    0.9394578871093058
                ]
            }, 
            "FCNCHadronicTag_1": {
                "st": [
                    1.0045580183634997, 
                    0.9954419816365002
                ], 
                "tt": [
                    1.05514916990548, 
                    0.939926797067245
                ]
            }, 
            "FCNCHadronicTag_2": {
                "st": [
                    1.0052796239962956, 
                    0.9947203760037046
                ], 
                "tt": [
                    1.0550144701873583, 
                    0.9400735235459133
                ]
            }, 
            "FCNCHadronicTag_3": {
                "st": [
                    1.0062844592439948, 
                    0.9937155407560052
                ], 
                "tt": [
                    1.0548269009411209, 
                    0.9402778400462789
                ]
            }, 
            "FCNCLeptonicTag_0": {
                "st": [
                    1.0047240989912867, 
                    0.9952759010087132
                ], 
                "tt": [
                    1.0551181681882933, 
                    0.9399605667948948
                ]
            }, 
            "FCNCLeptonicTag_1": {
                "st": [
                    1.0082621835767587, 
                    0.9917378164232413
                ], 
                "tt": [
                    1.0544577257323384, 
                    0.9406799773272742
                ]
            }, 
            "FCNCLeptonicTag_2": {
                "st": [
                    1.0089498835687998, 
                    0.9910501164312002
                ], 
                "tt": [
                    1.0543293550671575, 
                    0.9408198096589893
                ]
            }
        }
    }, 
    "Hut": {
        "2016": {
            "FCNCHadronicTag_0": {
                "st": [
                    1.0362199567099548, 
                    0.9637800432900453
                ], 
                "tt": [
                    1.0492389414141419, 
                    0.946364724531024
                ]
            }, 
            "FCNCHadronicTag_1": {
                "st": [
                    1.0493894287239545, 
                    0.9506105712760455
                ], 
                "tt": [
                    1.0467806399715285, 
                    0.9490425171738707
                ]
            }, 
            "FCNCHadronicTag_2": {
                "st": [
                    1.049673848285782, 
                    0.9503261517142181
                ], 
                "tt": [
                    1.0467275483199874, 
                    0.9491003491514423
                ]
            }, 
            "FCNCHadronicTag_3": {
                "st": [
                    1.0583744451242205, 
                    0.9416255548757795
                ], 
                "tt": [
                    1.0451034369101455, 
                    0.9508694705085915
                ]
            }, 
            "FCNCLeptonicTag_0": {
                "st": [
                    1.066300014423003, 
                    0.933699985576997
                ], 
                "tt": [
                    1.0436239973077062, 
                    0.9524810029326772
                ]
            }, 
            "FCNCLeptonicTag_1": {
                "st": [
                    1.0693020927961552, 
                    0.9306979072038448
                ],