{
    "Hct": {
        "2016": {
            "FCNCHadronicTag_0": {
                "st": [
                    1.0056050641449008, 
                    0.9943949358550992
                ], 
                "tt": [
                    1.0549537213596185, 
                    0.9401396963761298
                ]
            }, 
            "FCNCHadronicTag_1": {
                "st": [
                    1.0080354445130493, 
                    0.9919645554869505
                ], 
                "tt": [
                    1.0545000503575641, 
                    0.9406338737176533
                ]
            }, 
            "FCNCHadronicTag_2": {
                "st": [
                    1.008062584176327, 
                    0.9919374158236729
                ], 
                "tt": [
                    1.0544949842870857, 
                    0.9406393921158531
                ]
            }, 
            "FCNCHadronicTag_3": {
                "st": [
                    1.008772653703587, 
                    0.9912273462964131
                ], 
                "tt": [
                    1.0543624379753305, 
                    0.9407837729197293
                ]
            }, 
            "FCNCLeptonicTag_0": {
                "st": [
                    1.0098890715622577, 
                    0.9901109284377422
                ], 
                "tt": [
                    1.054154039975045, 
                    0.9410107778843255
                ]
            }, 
            "FCNCLeptonicTag_1": {
                "st": [
                    1.013291379135003, 
                    0.9867086208649971
                ], 
                "tt": [
                    1.0535189425614662, 
                    0.9417025804241171
                ]
            }, 
            "FCNCLeptonicTag_2": {
                "st": [
                    1.012737346390077, 
                    0.9872626536099232
                ], 
                "tt": [
                    1.0536223620071856, 
                    0.9415899270993157
                ]
            }
        }, 
        "2017": {
            "FCNCHadronicTag_0": {
                "st": [
                    1.0055993405296375, 
                    0.9944006594703624
                ], 
                "tt": [
                    1.054954789767801, 
                    0.9401385325743595
                ]
            }, 
            "FCNCHadronicTag_1": {
                "st": [
                    1.0079525063693755, 
                    0.9920474936306244
                ], 
                "tt": [
                    1.0545155321443833, 
                    0.9406170096284396
                ]
            }, 
            "FCNCHadronicTag_2": {
                "st": [
                    1.008224845617338, 
                    0.991775154382662
                ], 
                "tt": [
                    1.0544646954847636, 
                    0.9406723852755254
                ]
            }, 
            "FCNCHadronicTag_3": {
                "st": [
                    1.0094389075241168, 
                    0.990561092475883
                ], 
                "tt": [
                    1.0542380705954981, 
                    0.9409192445299036
                ]
            }, 
            "FCNCLeptonicTag_0": {
                "st": [
                    1.00894648512048, 
                    0.99105351487952
                ], 
                "tt": [
                    1.054329989444177, 
                    0.9408191186411643
                ]
            }, 
            "FCNCLeptonicTag_1": {
                "st": [
                    1.0128082712356168, 
                    0.9871917287643831
                ], 
                "tt": [
                    1.053609122702685, 
                    0.9416043484845754
                ]
            }, 
            "FCNCLeptonicTag_2": {
                "st": [
                    1.0129302062649814, 
                    0.9870697937350185
                ], 
                "tt": [
                    1.0535863614972036, 
                    0.9416291419405461
                ]
            }
        }, 
        "2018": {
            "FCNCHadronicTag_0": {
                "st": [
                    1.0056320261052836, 
                    0.9943679738947164
                ], 
                "tt": [
                    1.054948688460347, 
                    0.9401451786414076
                ]
            }, 
            "FCNCHadronicTag_1": {
                "st": [
                    1.0080486754802411, 
                    0.9919513245197588
                ], 
                "tt": [
                    1.0544975805770218, 
                    0.9406365640143157
                ]
            }, 
            "FCNCHadronicTag_2": {
                "st": [
                    1.008061704498459, 
                    0.991938295501541
                ], 
                "tt": [
                    1.0544951484936211, 
                    0.9406392132480199
                ]
            }, 
            "FCNCHadronicTag_3": {
                "st": [
                    1.009238252216257, 
                    0.9907617477837429
                ], 
                "tt": [
                    1.0542755262529655, 
                    0.9408784446173056
                ]
            }, 
            "FCNCLeptonicTag_0": {
                "st": [
                    1.0088306414247108, 
                    0.9911693585752893
                ], 
                "tt": [
                    1.0543516136007207, 
                    0.9407955637563578
                ]
            }, 
            "FCNCLeptonicTag_1": {
                "st": [
                    1.012903481775401, 
                    0.9870965182245989
                ], 
                "tt": [
                    1.0535913500685918, 
                    0.9416237079609981
                ]
            }, 
            "FCNCLeptonicTag_2": {
                "st": [
                    1.0129732325043597, 
                    0.9870267674956403
                ], 
                "tt": [
                    1.0535783299325197, 
                    0.9416378906092198
                ]
            }
        }
    }, 
    "Hut": {
        "2016": {
            "FCNCHadronicTag_0": {
                "st": [
                    1.0337679243939242, 
                    0.9662320756060758
                ], 
                "tt": [
                    1.049696654113134, 
                    0.9458661446267644
                ]
            }, 
            "FCNCHadronicTag_1": {
                "st": [
                    1.0454835003943945, 
                    0.9545164996056054
                ], 
                "tt": [
                    1.0475097465930465, 
                    0.9482483117468602
                ]
            }, 
            "FCNCHadronicTag_2": {
                "st": [
                    1.0440160321559937, 
                    0.9559839678440062
                ], 
                "tt": [
                    1.047783673997548, 
                    0.9479499265383854
                ]
            }, 
            "FCNCHadronicTag_3": {
                "st": [
                    1.0457968802825366, 
                    0.9542031197174635
                ], 
                "tt": [
                    1.0474512490139267, 
                    0.9483120323241157
                ]
            }, 
            "FCNCLeptonicTag_0": {
                "st": [
                    1.053219880711015, 
                    0.9467801192889851
                ], 
                "tt": [
                    1.0460656222672773, 
                    0.9498213757445729
                ]
            }, 
            "FCNCLeptonicTag_1": {
                "st": [
                    1.0621842742827825, 
                    0.9378157257172176
                ],