{
    "Hct": {
        "2016": {
            "FCNCHadronicTag_0": {
                "st": [
                    1.0055854971074343, 
                    0.9944145028925658
                ], 
                "tt": [
                    1.054957373873279, 
                    0.9401357177451782
                ]
            }, 
            "FCNCHadronicTag_1": {
                "st": [
                    1.007996039057545, 
                    0.9920039609424549
                ], 
                "tt": [
                    1.0545074060425916, 
                    0.9406258612750341
                ]
            }, 
            "FCNCHadronicTag_2": {
                "st": [
                    1.0080533638071174, 
                    0.9919466361928826
                ], 
                "tt": [
                    1.0544967054226715, 
                    0.9406375173074472
                ]
            }, 
            "FCNCHadronicTag_3": {
                "st": [
                    1.0087740351018042, 
                    0.9912259648981959
                ], 
                "tt": [
                    1.05436218011433, 
                    0.9407840538040335
                ]
            }, 
            "FCNCLeptonicTag_0": {
                "st": [
                    1.0099680650600258, 
                    0.9900319349399743
                ], 
                "tt": [
                    1.0541392945221286, 
                    0.9410268398955385
                ]
            }, 
            "FCNCLeptonicTag_1": {
                "st": [
                    1.0132206650325064, 
                    0.9867793349674936
                ], 
                "tt": [
                    1.0535321425272655, 
                    0.941688201889943
                ]
            }, 
            "FCNCLeptonicTag_2": {
                "st": [
                    1.0127474635692049, 
                    0.987252536430795
                ], 
                "tt": [
                    1.0536204734670818, 
                    0.9415919842590716
                ]
            }
        }, 
        "2017": {
            "FCNCHadronicTag_0": {
                "st": [
                    1.005588152332006, 
                    0.994411847667994
                ], 
                "tt": [
                    1.0549568782313588, 
                    0.9401362576408412
                ]
            }, 
            "FCNCHadronicTag_1": {
                "st": [
                    1.0079204155435446, 
                    0.9920795844564554
                ], 
                "tt": [
                    1.0545215224318718, 
                    0.940610484493854
                ]
            }, 
            "FCNCHadronicTag_2": {
                "st": [
                    1.008221227392263, 
                    0.991778772607737
                ], 
                "tt": [
                    1.0544653708867777, 
                    0.9406716495697601
                ]
            }, 
            "FCNCHadronicTag_3": {
                "st": [
                    1.0094579944925612, 
                    0.9905420055074388
                ], 
                "tt": [
                    1.054234507694722, 
                    0.9409231255468208
                ]
            }, 
            "FCNCLeptonicTag_0": {
                "st": [
                    1.0089814469661016, 
                    0.9910185530338985
                ], 
                "tt": [
                    1.0543234632329945, 
                    0.940826227549774
                ]
            }, 
            "FCNCLeptonicTag_1": {
                "st": [
                    1.0126960136800889, 
                    0.9873039863199111
                ], 
                "tt": [
                    1.0536300774463834, 
                    0.941581522781618
                ]
            }, 
            "FCNCLeptonicTag_2": {
                "st": [
                    1.0129013818622992, 
                    0.9870986181377007
                ], 
                "tt": [
                    1.0535917420523708, 
                    0.9416232809786674
                ]
            }
        }, 
        "2018": {
            "FCNCHadronicTag_0": {
                "st": [
                    1.0056451460460125, 
                    0.9943548539539875
                ], 
                "tt": [
                    1.0549462394047444, 
                    0.9401478463626891
                ]
            }, 
            "FCNCHadronicTag_1": {
                "st": [
                    1.0079865108989001, 
                    0.9920134891010998
                ], 
                "tt": [
                    1.0545091846322052, 
                    0.9406239238827763
                ]
            }, 
            "FCNCHadronicTag_2": {
                "st": [
                    1.0080628585481606, 
                    0.9919371414518395
                ], 
                "tt": [
                    1.05449493307101, 
                    0.9406394479047926
                ]
            }, 
            "FCNCHadronicTag_3": {
                "st": [
                    1.0092627485318417, 
                    0.9907372514681583
                ], 
                "tt": [
                    1.0542709536073895, 
                    0.9408834255348077
                ]
            }, 
            "FCNCLeptonicTag_0": {
                "st": [
                    1.0088403535898787, 
                    0.9911596464101213
                ], 
                "tt": [
                    1.0543498006632226, 
                    0.9407975385632753
                ]
            }, 
            "FCNCLeptonicTag_1": {
                "st": [
                    1.0128468507557924, 
                    0.9871531492442077
                ], 
                "tt": [
                    1.0536019211922523, 
                    0.941612192987011
                ]
            }, 
            "FCNCLeptonicTag_2": {
                "st": [
                    1.0128978305836733, 
                    0.9871021694163267
                ], 
                "tt": [
                    1.0535924049577143, 
                    0.9416225588853468
                ]
            }
        }
    }, 
    "Hut": {
        "2016": {
            "FCNCHadronicTag_0": {
                "st": [
                    1.0336213208223783, 
                    0.9663786791776217
                ], 
                "tt": [
                    1.0497240201131561, 
                    0.9458363352338836
                ]
            }, 
            "FCNCHadronicTag_1": {
                "st": [
                    1.045340736653576, 
                    0.9546592633464239
                ], 
                "tt": [
                    1.0475363958246657, 
                    0.9482192831195604
                ]
            }, 
            "FCNCHadronicTag_2": {
                "st": [
                    1.0438014480173476, 
                    0.9561985519826525
                ], 
                "tt": [
                    1.0478237297034285, 
                    0.9479062944301939
                ]
            }, 
            "FCNCHadronicTag_3": {
                "st": [
                    1.0452807796875832, 
                    0.9547192203124168
                ], 
                "tt": [
                    1.0475475877916514, 
                    0.9482070918698086
                ]
            }, 
            "FCNCLeptonicTag_0": {
                "st": [
                    1.0518819177266985, 
                    0.9481180822733015
                ], 
                "tt": [
                    1.046315375357683, 
                    0.9495493232710953
                ]
            }, 
            "FCNCLeptonicTag_1": {
                "st": [
                    1.0607918436919244, 
                    0.9392081563080756
                ],